user_id,plan,region,signup_source,support_tickets,weekly_sessions,feature_adopted,nps_before,nps_after
10001,Free,Americas,Social,2,11,Так,5,3
10002,Pro,Asia,Search,12,16,Ні,6,3
10003,Free,Asia,Social,6,11,Ні,5,5
10004,Business,Americas,Referral,4,27,Ні,7,7
10005,Pro,Asia,Referral,1,8,Ні,4,6
10006,Free,Americas,Search,2,11,Так,9,10
10007,Pro,Asia,Referral,2,12,Так,8,9
10008,Pro,Europe,Social,2,19,Так,7,8
10009,Pro,Asia,Referral,0,9,Так,4,3
10010,Pro,Asia,Referral,1,16,Ні,6,6
10011,Pro,Americas,Social,4,8,Ні,7,7
10012,Business,Americas,Search,0,14,Так,6,6
10013,Free,Americas,Search,1,13,Ні,5,10
10014,Free,Europe,Referral,2,16,Ні,5,4
10015,Free,Americas,Referral,2,1,Ні,6,10
10016,Free,Europe,Referral,3,8,Ні,7,7
10017,Business,Americas,Referral,0,23,Ні,8,10
10018,Free,Europe,Social,0,9,Ні,9,9
10019,Free,Europe,Social,1,6,Ні,8,10
10020,Free,Asia,Referral,2,2,Так,8,7
10021,Business,Americas,Referral,1,20,Так,7,9
10022,Pro,Europe,Referral,1,13,Ні,8,10
10023,Pro,Asia,Ads,1,20,Ні,8,8
10024,Business,Americas,Referral,4,28,Так,8,6
10025,Pro,Americas,Referral,0,4,Ні,8,10
10026,Free,Americas,Social,2,6,Ні,10,10
10027,Pro,Americas,Ads,2,9,Так,9,9
10028,Pro,Europe,Social,0,11,Ні,5,5
10029,Pro,Asia,Ads,1,12,Ні,10,10
10030,Free,Asia,Ads,0,1,Ні,5,6
10031,Free,Americas,Social,8,13,Так,9,8
10032,Pro,Europe,Referral,2,14,Так,6,4
10033,Free,Asia,Search,2,2,Ні,8,8
10034,Pro,Americas,Social,2,7,Так,7,7
10035,Pro,Asia,Referral,2,18,Ні,9,10
10036,Free,Europe,Ads,0,5,Ні,10,10
10037,Pro,Americas,Social,0,1,Так,6,7
10038,Free,Asia,Ads,1,6,Ні,7,7
10039,Free,Asia,Social,0,14,Ні,7,5
10040,Free,Asia,Ads,3,6,Ні,5,9
10041,Pro,Asia,Search,2,3,Так,9,10
10042,Pro,Asia,Ads,1,10,Ні,7,7
10043,Free,Asia,Ads,1,3,Так,3,6
10044,Free,Asia,Search,0,4,Ні,7,7
10045,Free,Europe,Ads,2,3,Ні,4,5
10046,Free,Asia,Ads,0,12,Ні,6,4
10047,Free,Americas,Ads,0,4,Ні,9,10
10048,Free,Europe,Referral,0,20,Ні,9,9
10049,Free,Asia,Ads,1,6,Ні,5,7
10050,Pro,Americas,Search,2,5,Так,9,8
10051,Free,Asia,Search,4,6,Ні,7,7
10052,Pro,Asia,Search,2,15,Так,9,10
10053,Free,Europe,Referral,0,8,Ні,6,5
10054,Free,Asia,Referral,1,6,Ні,8,8
10055,Pro,Asia,Ads,0,17,Так,10,9
10056,Free,Asia,Ads,2,10,Ні,9,7
10057,Free,Europe,Referral,1,8,Ні,9,10
10058,Pro,Asia,Ads,2,13,Так,8,8
10059,Free,Americas,Social,4,2,Ні,9,9
10060,Free,Asia,Social,0,1,Ні,9,10
10061,Free,Europe,Referral,0,4,Ні,8,10
10062,Pro,Americas,Social,6,8,Ні,4,2
10063,Business,Asia,Referral,7,28,Так,6,6
10064,Free,Asia,Referral,20,4,Ні,6,8
10065,Free,Asia,Social,1,5,Ні,9,8
10066,Free,Europe,Referral,2,1,Ні,4,2
10067,Pro,Americas,Ads,5,16,Ні,7,8
10068,Free,Asia,Search,1,7,Ні,4,5
10069,Pro,Europe,Ads,1,18,Ні,5,6
10070,Business,Europe,Ads,0,21,Так,5,5
10071,Free,Americas,Ads,0,6,Ні,6,6
10072,Pro,Europe,Referral,4,14,Так,8,7
10073,Pro,Americas,Referral,2,13,Так,8,7
10074,Business,Americas,Search,9,23,Так,7,5
10075,Free,Americas,Search,0,7,Ні,4,4
10076,Free,Europe,Search,0,12,Ні,5,3
10077,Free,Asia,Search,7,10,Ні,3,3
10078,Free,Europe,Ads,1,15,Ні,6,5
10079,Pro,Americas,Search,0,13,Ні,8,8
10080,Pro,Americas,Social,2,12,Ні,2,2
10081,Free,Americas,Referral,0,9,Так,7,8
10082,Free,Asia,Search,0,2,Ні,7,8
10083,Free,Europe,Social,1,1,Так,5,5
10084,Pro,Americas,Ads,1,11,Так,10,10
10085,Pro,Asia,Search,0,18,Ні,3,3
10086,Business,Americas,Ads,2,15,Так,2,0
10087,Free,Europe,Ads,2,8,Так,8,10
10088,Free,Americas,Ads,2,5,Ні,8,10
10089,Business,Europe,Search,9,18,Так,10,9
10090,Pro,Americas,Search,0,2,Ні,10,7
10091,Business,Europe,Social,3,19,Так,5,4
10092,Pro,Asia,Social,4,11,Так,7,5
10093,Pro,Americas,Ads,2,10,Ні,3,3
10094,Free,Americas,Referral,0,7,Так,8,9
10095,Pro,Asia,Ads,3,6,Ні,9,7
10096,Pro,Asia,Ads,0,6,Так,8,8
10097,Free,Europe,Referral,0,6,Ні,8,10
10098,Pro,Americas,Social,2,16,Так,2,1
10099,Free,Americas,Search,6,10,Ні,3,5
10100,Pro,Americas,Search,7,10,Ні,5,5
10101,Pro,Americas,Social,0,23,Так,10,10
10102,Free,Asia,Referral,0,15,Ні,6,5
10103,Free,Americas,Referral,0,12,Ні,10,10
10104,Free,Asia,Search,1,4,Ні,6,4
10105,Business,Americas,Search,3,16,Так,8,9
10106,Pro,Asia,Social,2,13,Так,6,7
10107,Free,Europe,Ads,0,11,Так,6,5
10108,Free,Asia,Search,2,4,Ні,8,8
10109,Free,Europe,Referral,0,11,Ні,9,10
10110,Pro,Asia,Social,3,10,Ні,7,8
10111,Pro,Europe,Referral,4,13,Ні,7,5
10112,Free,Europe,Search,2,11,Так,10,7
10113,Free,Europe,Search,0,8,Ні,7,6
10114,Free,Europe,Social,2,6,Ні,6,5
10115,Pro,Asia,Ads,1,11,Так,10,10
10116,Business,Americas,Search,0,17,Так,7,6
10117,Free,Asia,Referral,0,11,Так,6,6
10118,Free,Americas,Ads,0,6,Так,6,7
10119,Free,Europe,Referral,5,8,Ні,8,9
10120,Free,Europe,Search,2,12,Ні,7,6
10121,Free,Americas,Social,4,1,Так,4,6
10122,Pro,Asia,Ads,3,16,Так,4,5
10123,Free,Asia,Search,3,6,Так,8,10
10124,Pro,Americas,Referral,3,14,Ні,9,10
10125,Pro,Americas,Search,0,12,Так,6,5
10126,Pro,Europe,Social,4,18,Так,4,2
10127,Free,Europe,Search,0,2,Ні,6,5
10128,Free,Americas,Search,3,14,Ні,9,8
10129,Pro,Americas,Ads,0,14,Ні,10,10
10130,Pro,Europe,Search,0,12,Так,7,7
10131,Free,Americas,Social,0,3,Ні,8,6
10132,Pro,Americas,Social,0,6,Ні,8,8
10133,Pro,Americas,Search,0,24,Так,4,5
10134,Pro,Europe,Social,0,17,Ні,4,5
10135,Free,Asia,Ads,0,5,Ні,5,6
10136,Free,Americas,Referral,2,7,Так,7,3
10137,Pro,Europe,Ads,0,13,Так,10,10
10138,Free,Americas,Social,1,3,Ні,9,10
10139,Pro,Europe,Search,0,1,Ні,3,1
10140,Free,Europe,Ads,0,9,Ні,3,4
10141,Pro,Asia,Search,2,13,Ні,5,6
10142,Free,Americas,Referral,1,10,Ні,4,4
10143,Free,Europe,Referral,5,6,Ні,8,10
10144,Free,Americas,Search,1,1,Ні,7,8
10145,Business,Americas,Ads,0,12,Так,5,9
10146,Free,Europe,Search,2,5,Так,9,9
10147,Pro,Europe,Referral,4,16,Так,9,10
10148,Free,Americas,Search,0,6,Ні,8,10
10149,Free,Asia,Social,3,7,Так,4,5
10150,Free,Americas,Ads,4,1,Ні,9,10
10151,Business,Asia,Search,1,20,Ні,9,8
10152,Free,Americas,Social,0,1,Ні,8,10
10153,Free,Americas,Ads,1,13,Ні,10,8
10154,Free,Europe,Search,2,9,Так,3,5
10155,Business,Asia,Referral,1,21,Ні,4,6
10156,Free,Asia,Referral,4,16,Так,6,6
10157,Business,Americas,Ads,1,20,Так,8,9
10158,Business,Europe,Ads,0,20,Так,4,4
10159,Pro,Asia,Referral,2,6,Ні,4,5
10160,Free,Asia,Ads,0,10,Ні,9,10
10161,Free,Europe,Referral,1,12,Ні,4,1
10162,Free,Europe,Ads,1,1,Ні,2,4
10163,Pro,Europe,Search,5,22,Ні,7,8
10164,Pro,Europe,Referral,0,14,Так,4,5
10165,Pro,Europe,Search,0,14,Так,6,7
10166,Free,Asia,Referral,3,5,Ні,4,3
10167,Free,Asia,Ads,1,11,Ні,10,10
10168,Business,Americas,Search,3,16,Так,6,6
10169,Free,Europe,Search,0,1,Так,7,6
10170,Free,Europe,Search,0,13,Ні,7,7
10171,Pro,Europe,Ads,0,16,Так,5,6
10172,Free,Asia,Referral,5,2,Ні,6,7
10173,Free,Asia,Ads,0,1,Ні,9,10
10174,Pro,Americas,Ads,0,22,Ні,7,8
10175,Pro,Europe,Ads,1,23,Ні,9,10
10176,Pro,Europe,Ads,3,14,Ні,10,10
10177,Pro,Americas,Referral,4,8,Ні,10,8
10178,Free,Americas,Ads,1,3,Ні,8,8
10179,Free,Americas,Referral,1,14,Ні,7,7
10180,Pro,Asia,Ads,1,24,Ні,6,5
10181,Pro,Asia,Search,7,18,Ні,10,9
10182,Pro,Asia,Search,1,15,Ні,7,7
10183,Free,Americas,Social,2,8,Ні,4,4
10184,Free,Europe,Search,2,7,Ні,6,8
10185,Business,Americas,Ads,0,20,Так,7,10
10186,Pro,Europe,Search,0,3,Ні,6,5
10187,Pro,Europe,Search,3,13,Так,8,9
10188,Free,Asia,Search,0,4,Так,9,10
10189,Free,Asia,Search,7,11,Ні,4,1
10190,Business,Americas,Search,2,26,Так,8,9
10191,Free,Europe,Ads,0,7,Ні,8,8
10192,Pro,Asia,Referral,2,16,Ні,6,7
10193,Free,Americas,Social,1,6,Ні,10,8
10194,Free,Americas,Ads,3,7,Ні,10,10
10195,Pro,Asia,Search,0,11,Так,3,4
10196,Pro,Americas,Ads,0,18,Так,4,5
10197,Free,Europe,Search,2,13,Ні,4,5
10198,Pro,Americas,Social,2,5,Так,10,10
10199,Free,Americas,Ads,0,1,Ні,8,7
10200,Pro,Asia,Ads,1,19,Ні,8,10
10201,Pro,Europe,Ads,0,14,Ні,10,10
10202,Free,Europe,Ads,4,7,Ні,7,6
10203,Free,Asia,Referral,3,10,Ні,8,7
10204,Pro,Europe,Search,4,18,Так,6,6
10205,Business,Asia,Search,1,18,Так,9,10
10206,Pro,Americas,Ads,6,13,Так,6,7
10207,Pro,Europe,Search,2,18,Ні,8,10
10208,Business,Asia,Ads,4,22,Так,6,5
10209,Pro,Americas,Social,0,15,Ні,10,9
10210,Pro,Europe,Search,1,16,Ні,6,7
10211,Free,Asia,Referral,5,8,Ні,9,9
10212,Free,Europe,Ads,3,4,Так,5,2
10213,Business,Americas,Social,1,11,Так,9,10
10214,Free,Americas,Referral,5,8,Ні,4,7
10215,Pro,Asia,Referral,4,16,Так,5,6
10216,Pro,Asia,Search,1,15,Ні,7,5
10217,Free,Europe,Referral,3,6,Ні,4,4
10218,Free,Asia,Search,5,7,Ні,7,7
10219,Business,Europe,Social,1,25,Так,5,4
10220,Pro,Asia,Ads,3,12,Ні,5,4
10221,Pro,Europe,Search,3,16,Так,6,5
10222,Business,Europe,Ads,6,18,Так,7,10
10223,Pro,Asia,Search,4,19,Ні,6,6
10224,Pro,Asia,Search,0,7,Так,8,9
10225,Pro,Europe,Ads,7,13,Ні,7,10
10226,Free,Americas,Ads,7,7,Ні,7,8
10227,Free,Americas,Search,3,13,Так,5,3
10228,Pro,Europe,Search,0,11,Так,5,2
10229,Free,Europe,Ads,2,11,Ні,8,9
10230,Pro,Americas,Referral,1,15,Так,10,9
10231,Free,Americas,Search,1,6,Так,5,5
10232,Pro,Europe,Referral,1,17,Ні,6,7
10233,Free,Asia,Ads,5,1,Ні,9,10
10234,Pro,Europe,Search,0,20,Так,4,4
10235,Free,Asia,Search,2,1,Ні,8,7
10236,Free,Asia,Search,2,12,Ні,7,7
10237,Business,Europe,Ads,0,19,Так,10,7
10238,Free,Americas,Ads,2,6,Ні,10,10
10239,Pro,Asia,Referral,0,14,Ні,9,9
10240,Pro,Americas,Referral,1,6,Ні,9,7
10241,Free,Asia,Referral,5,6,Ні,8,9
10242,Pro,Europe,Ads,0,16,Ні,10,10
10243,Business,Americas,Search,11,19,Ні,10,9
10244,Free,Europe,Social,2,6,Ні,9,9
10245,Free,Asia,Ads,3,16,Ні,8,9
10246,Free,Europe,Ads,1,9,Ні,4,4
10247,Business,Americas,Search,5,18,Так,10,10
10248,Free,Europe,Search,6,6,Так,8,7
10249,Pro,Asia,Search,5,8,Так,9,7
10250,Business,Asia,Search,10,34,Так,10,10
10251,Free,Europe,Search,0,14,Ні,6,6
10252,Pro,Asia,Search,4,7,Так,9,6
10253,Free,Asia,Referral,5,9,Ні,8,9
10254,Free,Americas,Search,0,3,Ні,7,8
10255,Business,Americas,Social,0,19,Так,5,5
10256,Free,Americas,Search,0,12,Ні,7,8
10257,Free,Europe,Ads,1,14,Так,6,4
10258,Pro,Americas,Social,0,16,Ні,4,6
10259,Free,Europe,Search,0,4,Ні,9,9
10260,Pro,Americas,Search,11,18,Так,7,8
10261,Free,Americas,Ads,0,16,Ні,7,7
10262,Free,Asia,Ads,7,13,Ні,6,6
10263,Pro,Americas,Ads,2,18,Ні,5,6
10264,Free,Asia,Ads,0,11,Ні,5,6
10265,Pro,Americas,Search,0,5,Ні,6,9
10266,Business,Europe,Referral,1,17,Ні,9,7
10267,Free,Asia,Social,7,9,Ні,9,10
10268,Pro,Asia,Ads,2,17,Так,10,6
10269,Free,Asia,Search,2,1,Так,8,9
10270,Free,Europe,Search,1,10,Так,7,8
10271,Free,Asia,Ads,1,16,Ні,5,6
10272,Pro,Americas,Ads,4,13,Так,6,6
10273,Pro,Americas,Search,3,16,Так,6,8
10274,Pro,Americas,Search,1,6,Так,3,5
10275,Pro,Americas,Search,1,14,Ні,9,10
10276,Free,Europe,Referral,2,1,Ні,10,8
10277,Free,Americas,Ads,1,6,Ні,6,7
10278,Free,Asia,Search,0,5,Ні,8,9
10279,Free,Asia,Ads,3,21,Ні,9,8
10280,Business,Europe,Referral,6,28,Ні,6,8
10281,Business,Asia,Ads,8,19,Так,5,5
10282,Free,Americas,Social,1,13,Ні,5,4
10283,Business,Europe,Ads,0,19,Так,7,7
10284,Pro,Europe,Ads,0,16,Так,6,7
10285,Pro,Asia,Search,0,12,Так,8,7
10286,Pro,Asia,Referral,0,11,Ні,5,10
10287,Pro,Europe,Social,3,11,Ні,7,8
10288,Pro,Americas,Search,6,16,Так,7,8
10289,Pro,Asia,Social,1,17,Так,6,7
10290,Free,Asia,Ads,2,7,Ні,6,5
10291,Free,Europe,Ads,0,7,Ні,7,5
10292,Free,Europe,Referral,1,7,Ні,8,6
10293,Free,Asia,Referral,1,13,Так,9,10
10294,Pro,Americas,Ads,1,20,Так,6,6
10295,Pro,Asia,Ads,0,10,Ні,7,8
10296,Free,Europe,Ads,0,4,Ні,10,10
10297,Business,Europe,Ads,0,26,Так,4,6
10298,Free,Europe,Ads,2,13,Так,8,8
10299,Business,Americas,Search,4,18,Так,5,2
10300,Free,Americas,Search,3,17,Ні,7,8
10301,Free,Asia,Ads,5,12,Ні,3,3
10302,Free,Americas,Search,1,1,Ні,7,8
10303,Free,Americas,Ads,4,15,Ні,7,6
10304,Free,Americas,Referral,3,6,Ні,2,3
10305,Pro,Americas,Social,1,8,Так,6,7
10306,Pro,Asia,Search,0,18,Так,9,10
10307,Free,Europe,Search,0,22,Ні,7,5
10308,Business,Asia,Ads,0,25,Так,7,7
10309,Free,Americas,Search,0,12,Ні,7,5
10310,Pro,Europe,Social,3,15,Ні,10,10
10311,Pro,Europe,Social,0,20,Так,6,3
10312,Free,Americas,Social,0,1,Ні,9,9
10313,Business,Asia,Search,1,21,Так,7,9
10314,Business,Europe,Social,0,16,Так,9,10
10315,Pro,Asia,Search,2,20,Так,6,6
10316,Pro,Europe,Search,1,16,Так,7,5
10317,Pro,Asia,Referral,1,20,Ні,3,0
10318,Business,Europe,Ads,0,15,Так,7,9
10319,Free,Europe,Referral,2,10,Так,8,8
10320,Free,Asia,Search,2,8,Ні,7,9
10321,Free,Americas,Search,3,1,Ні,5,5
10322,Pro,Europe,Search,0,16,Так,5,6
10323,Free,Asia,Ads,2,1,Ні,7,9
10324,Pro,Asia,Ads,6,16,Так,10,10
10325,Pro,Americas,Social,1,8,Так,3,4
10326,Pro,Americas,Social,0,13,Ні,10,10
10327,Free,Americas,Search,1,11,Ні,3,7
10328,Pro,Europe,Referral,1,20,Ні,7,7
10329,Pro,Americas,Search,1,22,Так,7,7
10330,Free,Asia,Ads,2,14,Ні,8,10
10331,Free,Asia,Social,2,6,Ні,7,8
10332,Free,Americas,Search,5,12,Так,8,7
10333,Business,Americas,Search,0,13,Так,9,10
10334,Business,Europe,Search,1,14,Так,10,10
10335,Free,Europe,Search,4,13,Ні,4,6
10336,Free,Europe,Search,1,14,Ні,4,4
10337,Free,Europe,Search,0,4,Так,8,9
10338,Pro,Europe,Social,10,13,Ні,4,3
10339,Free,Americas,Referral,0,12,Ні,6,6
10340,Free,Asia,Referral,0,1,Ні,10,10
10341,Free,Europe,Social,1,22,Ні,8,10
10342,Free,Asia,Search,0,1,Так,9,10
10343,Free,Europe,Ads,9,6,Так,7,8
10344,Free,Europe,Social,4,7,Ні,6,8
10345,Pro,Asia,Ads,8,11,Так,10,10
10346,Free,Asia,Search,2,8,Ні,8,8
10347,Pro,Asia,Social,0,13,Ні,8,9
10348,Free,Europe,Social,2,8,Ні,4,5
10349,Pro,Americas,Social,1,11,Так,4,3
10350,Pro,Americas,Ads,1,12,Так,7,6
10351,Free,Europe,Ads,3,10,Ні,5,4
10352,Free,Europe,Search,2,18,Ні,5,4
10353,Free,Asia,Ads,12,13,Ні,5,5
10354,Free,Americas,Search,0,10,Ні,6,6
10355,Free,Americas,Referral,1,8,Так,3,5
10356,Free,Americas,Social,1,5,Ні,4,7
10357,Free,Americas,Ads,2,13,Ні,6,8
10358,Free,Europe,Search,0,9,Ні,6,4
10359,Pro,Europe,Search,3,16,Ні,9,8
10360,Free,Europe,Ads,12,2,Ні,5,3
10361,Free,Europe,Ads,0,12,Ні,6,6
10362,Pro,Europe,Social,1,12,Так,7,8
10363,Pro,Europe,Search,1,13,Ні,9,10
10364,Free,Americas,Referral,0,5,Ні,6,5
10365,Business,Americas,Search,2,15,Ні,5,5
10366,Business,Asia,Ads,1,22,Так,8,10
10367,Free,Asia,Ads,0,1,Так,4,4
10368,Free,Europe,Ads,6,7,Ні,8,9
10369,Free,Asia,Ads,1,5,Ні,4,4
10370,Free,Americas,Ads,0,7,Ні,4,5
10371,Free,Asia,Ads,9,5,Ні,5,6
10372,Free,Asia,Referral,1,14,Так,6,6
10373,Pro,Europe,Referral,0,5,Ні,5,5
10374,Free,Americas,Referral,1,1,Ні,5,5
10375,Free,Europe,Search,8,11,Ні,5,7
10376,Free,Europe,Search,0,1,Ні,7,7
10377,Free,Americas,Ads,0,9,Ні,8,9
10378,Free,Europe,Social,1,3,Так,5,4
10379,Free,Asia,Search,9,4,Ні,5,7
10380,Free,Americas,Referral,4,4,Так,6,3
10381,Pro,Asia,Social,2,20,Так,5,4
10382,Pro,Americas,Search,1,17,Так,9,8
10383,Pro,Americas,Ads,0,17,Так,10,8
10384,Free,Europe,Ads,4,11,Так,4,4
10385,Pro,Asia,Ads,7,12,Ні,5,6
10386,Pro,Americas,Social,0,7,Так,8,10
10387,Pro,Europe,Search,13,10,Так,5,9
10388,Free,Americas,Ads,0,20,Ні,10,10
10389,Free,Europe,Ads,1,2,Ні,8,9
10390,Free,Americas,Referral,2,6,Ні,6,5
10391,Free,Europe,Ads,0,6,Ні,7,8
10392,Pro,Asia,Referral,4,16,Так,6,7
10393,Business,Americas,Ads,2,16,Ні,8,9
10394,Pro,Americas,Search,1,16,Так,8,7
10395,Free,Asia,Referral,0,10,Ні,9,10
10396,Pro,Americas,Search,0,21,Так,7,5
10397,Free,Americas,Social,1,11,Ні,7,7
10398,Free,Asia,Ads,3,15,Так,7,5
10399,Free,Europe,Referral,2,12,Ні,8,6
10400,Pro,Europe,Search,5,8,Так,9,9
10401,Free,Europe,Social,0,12,Так,5,3
10402,Pro,Europe,Ads,3,15,Ні,10,10
10403,Pro,Europe,Referral,0,10,Так,8,10
10404,Pro,Asia,Social,0,10,Ні,6,7
10405,Pro,Asia,Search,2,17,Ні,8,9
10406,Pro,Americas,Referral,1,6,Так,10,10
10407,Free,Asia,Ads,2,2,Так,6,7
10408,Free,Asia,Search,3,9,Ні,7,7
10409,Free,Europe,Search,1,6,Ні,6,8
10410,Free,Europe,Social,3,2,Ні,7,7
10411,Free,Europe,Social,1,15,Ні,6,7
10412,Pro,Europe,Ads,4,20,Ні,8,8
10413,Pro,Europe,Referral,0,25,Ні,9,10
10414,Business,Asia,Social,1,15,Так,7,9
10415,Free,Americas,Search,0,8,Ні,6,8
10416,Free,Europe,Ads,0,7,Ні,6,7
10417,Pro,Americas,Social,8,9,Ні,8,8
10418,Business,Europe,Ads,6,23,Так,8,9
10419,Pro,Asia,Referral,4,23,Так,5,6
10420,Business,Asia,Referral,2,22,Так,7,8
10421,Pro,Asia,Search,2,17,Ні,6,5
10422,Free,Europe,Search,1,1,Ні,6,8
10423,Free,Europe,Search,2,11,Так,10,10
10424,Pro,Europe,Search,0,6,Ні,5,3
10425,Free,Europe,Referral,1,3,Ні,7,6
10426,Free,Asia,Referral,2,12,Так,10,10
10427,Pro,Europe,Social,7,18,Ні,6,7
10428,Free,Asia,Social,7,4,Ні,8,9
10429,Free,Asia,Search,0,14,Так,10,8
10430,Business,Americas,Social,0,24,Так,7,6
10431,Pro,Asia,Search,0,9,Ні,10,10
10432,Pro,Asia,Search,1,14,Так,6,10
10433,Pro,Americas,Search,4,4,Так,4,3
10434,Business,Americas,Ads,1,18,Так,4,3
10435,Free,Europe,Search,6,13,Так,7,8
10436,Free,Americas,Ads,3,9,Ні,5,7
10437,Free,Europe,Search,0,8,Так,8,9
10438,Free,Americas,Ads,0,8,Ні,9,10
10439,Pro,Europe,Ads,1,14,Так,8,6
10440,Free,Americas,Search,6,7,Ні,8,9
10441,Free,Asia,Search,1,11,Ні,10,10
10442,Business,Asia,Referral,3,21,Ні,3,5
10443,Free,Asia,Referral,4,12,Ні,7,9
10444,Pro,Europe,Referral,4,14,Так,10,10
10445,Free,Europe,Search,2,6,Ні,6,8
10446,Pro,Americas,Search,5,14,Ні,10,10
10447,Pro,Europe,Ads,2,22,Так,7,6
10448,Free,Americas,Search,0,4,Ні,7,6
10449,Business,Europe,Search,2,15,Ні,4,7
10450,Pro,Europe,Search,0,11,Так,5,4
10451,Pro,Europe,Search,0,26,Ні,6,4
10452,Pro,Europe,Social,1,10,Так,7,8
10453,Pro,Asia,Search,1,14,Так,10,8
10454,Pro,Americas,Search,0,26,Так,7,8
10455,Free,Europe,Social,0,5,Так,9,7
10456,Free,Asia,Ads,3,10,Ні,5,3
10457,Free,Americas,Referral,0,14,Ні,7,10
10458,Business,Europe,Search,0,35,Так,4,5
10459,Business,Asia,Ads,2,26,Так,10,10
10460,Pro,Asia,Ads,0,18,Ні,7,7
10461,Business,Americas,Ads,4,13,Так,5,3
10462,Free,Asia,Social,1,11,Ні,7,5
10463,Pro,Europe,Search,5,19,Так,6,7
10464,Pro,Asia,Social,0,16,Так,7,8
10465,Free,Americas,Referral,4,12,Так,5,5
10466,Free,Europe,Search,5,15,Ні,3,3
10467,Free,Europe,Ads,3,15,Ні,6,8
10468,Free,Europe,Search,11,4,Так,5,5
10469,Free,Asia,Referral,0,2,Ні,4,3
10470,Free,Americas,Ads,0,1,Так,7,8
10471,Free,Asia,Ads,0,1,Так,6,4
10472,Pro,Europe,Social,1,20,Так,9,9
10473,Pro,Asia,Search,0,9,Так,5,6
10474,Pro,Europe,Search,3,11,Так,6,7
10475,Pro,Asia,Ads,0,20,Так,8,10
10476,Free,Europe,Ads,5,5,Ні,7,8
10477,Pro,Americas,Referral,1,7,Так,9,8
10478,Free,Americas,Referral,2,9,Ні,4,6
10479,Free,Asia,Social,1,10,Ні,7,10
10480,Free,Europe,Ads,4,10,Ні,8,9
10481,Free,Europe,Search,3,8,Ні,6,8
10482,Pro,Asia,Ads,1,12,Ні,7,7
10483,Free,Americas,Referral,0,13,Ні,7,9
10484,Business,Americas,Ads,3,21,Ні,10,9
10485,Free,Europe,Ads,7,11,Ні,8,7
10486,Free,Americas,Referral,3,6,Ні,7,6
10487,Free,Europe,Search,1,7,Ні,10,9
10488,Free,Asia,Referral,0,12,Ні,7,6
10489,Free,Europe,Search,1,1,Так,8,10
10490,Business,Americas,Social,1,25,Так,10,8
10491,Business,Europe,Ads,5,25,Так,8,8
10492,Free,Americas,Referral,2,16,Ні,10,10
10493,Pro,Americas,Ads,0,12,Так,3,3
10494,Free,Asia,Ads,1,11,Ні,9,10
10495,Free,Asia,Search,0,4,Так,7,8
10496,Business,Europe,Search,0,15,Так,10,10
10497,Business,Asia,Search,0,24,Так,5,4
10498,Free,Asia,Referral,0,1,Ні,9,9
10499,Pro,Americas,Search,2,11,Так,4,6
10500,Free,Americas,Search,3,13,Ні,7,7
10501,Free,Americas,Referral,0,1,Ні,7,4
10502,Pro,Americas,Referral,0,11,Ні,8,7
10503,Free,Europe,Search,0,15,Так,9,8
10504,Business,Europe,Referral,10,25,Ні,7,8
10505,Free,Americas,Referral,1,1,Ні,8,8
10506,Pro,Europe,Ads,1,10,Так,8,9
10507,Free,Asia,Referral,3,8,Ні,9,10
10508,Free,Europe,Search,3,10,Ні,8,7
10509,Free,Americas,Referral,0,7,Ні,10,9
10510,Free,Europe,Referral,3,16,Ні,7,10
10511,Free,Asia,Referral,0,1,Ні,6,5
10512,Business,Americas,Referral,0,15,Так,6,7
10513,Free,Americas,Referral,1,11,Так,7,5
10514,Free,Americas,Search,3,14,Ні,6,7
10515,Pro,Americas,Search,0,7,Так,5,7
10516,Business,Asia,Referral,2,19,Так,10,10
10517,Free,Americas,Search,0,6,Так,5,6
10518,Free,Americas,Referral,4,12,Ні,7,6
10519,Free,Asia,Search,2,7,Так,6,5
10520,Pro,Americas,Search,3,14,Ні,5,8
10521,Pro,Asia,Ads,1,21,Ні,6,7
10522,Pro,Asia,Social,1,8,Так,7,8
10523,Pro,Asia,Ads,1,20,Так,7,8
10524,Pro,Europe,Search,0,15,Так,7,7
10525,Free,Europe,Social,1,8,Ні,6,4
10526,Pro,Europe,Search,5,8,Так,7,6
10527,Business,Asia,Referral,0,16,Так,10,8
10528,Free,Americas,Social,5,8,Ні,9,10
10529,Pro,Americas,Ads,2,17,Ні,5,9
10530,Free,Europe,Ads,1,8,Ні,6,7
10531,Free,Europe,Ads,1,2,Так,4,4
10532,Business,Americas,Referral,0,27,Так,10,10
10533,Pro,Americas,Referral,4,16,Так,10,6
10534,Free,Americas,Search,1,1,Ні,6,7
10535,Pro,Europe,Referral,20,19,Так,9,8
10536,Free,Europe,Referral,5,2,Ні,8,9
10537,Pro,Asia,Referral,9,11,Ні,6,9
10538,Free,Americas,Search,8,1,Так,8,9
10539,Free,Asia,Search,1,5,Ні,10,10
10540,Free,Europe,Search,1,8,Так,6,5
10541,Free,Americas,Ads,1,5,Ні,5,3
10542,Business,Americas,Ads,1,15,Так,7,5
10543,Free,Europe,Search,0,10,Ні,7,6
10544,Free,Europe,Ads,0,1,Ні,7,10
10545,Free,Americas,Social,2,3,Так,4,5
10546,Pro,Europe,Referral,0,16,Так,5,6
10547,Free,Asia,Referral,1,2,Так,8,10
10548,Pro,Americas,Social,0,23,Ні,7,9
10549,Free,Asia,Ads,3,1,Ні,9,10
10550,Free,Asia,Social,0,9,Так,7,7
10551,Pro,Asia,Social,1,13,Так,6,5
10552,Pro,Europe,Referral,4,13,Так,7,6
10553,Pro,Asia,Search,1,10,Так,6,6
10554,Free,Asia,Ads,1,3,Ні,6,6
10555,Pro,Europe,Referral,0,18,Так,7,5
10556,Free,Americas,Search,2,15,Так,10,10
10557,Pro,Asia,Ads,0,3,Ні,5,7
10558,Free,Europe,Search,8,15,Ні,7,10
10559,Pro,Europe,Search,0,13,Ні,10,10
10560,Business,Asia,Referral,2,19,Так,9,7
10561,Pro,Americas,Search,1,16,Так,6,5
10562,Free,Asia,Search,0,11,Ні,4,5
10563,Pro,Asia,Ads,0,10,Так,7,9
10564,Free,Europe,Referral,3,1,Ні,3,4
10565,Pro,Americas,Referral,7,6,Ні,9,10
10566,Free,Europe,Ads,0,16,Ні,7,6
10567,Pro,Americas,Social,1,14,Так,8,10
10568,Pro,Europe,Search,1,10,Так,10,10
10569,Business,Europe,Search,5,25,Так,5,4
10570,Pro,Americas,Search,7,17,Ні,5,7
10571,Pro,Americas,Search,1,15,Ні,10,8
10572,Pro,Americas,Search,2,1,Так,8,9
10573,Pro,Europe,Ads,4,20,Так,6,8
10574,Free,Asia,Search,0,9,Так,7,9
10575,Free,Europe,Search,3,15,Ні,6,8
10576,Pro,Americas,Social,1,19,Так,8,5
10577,Pro,Asia,Referral,4,6,Ні,9,10
10578,Pro,Americas,Ads,9,8,Ні,6,5
10579,Business,Asia,Referral,1,22,Ні,7,6
10580,Free,Americas,Ads,11,5,Ні,5,5
10581,Free,Americas,Search,3,9,Так,4,5
10582,Free,Asia,Referral,1,10,Так,10,10
10583,Pro,Americas,Ads,7,9,Так,10,10
10584,Free,Asia,Search,2,9,Ні,7,9
10585,Business,Europe,Ads,4,20,Ні,10,9
10586,Pro,Americas,Search,3,9,Так,7,8
10587,Free,Americas,Social,5,10,Ні,8,8
10588,Free,Asia,Ads,1,14,Так,10,10
10589,Pro,Europe,Referral,0,17,Ні,8,7
10590,Free,Americas,Search,2,1,Так,6,4
10591,Free,Asia,Ads,1,8,Ні,8,9
10592,Pro,Europe,Ads,2,8,Ні,4,5
10593,Pro,Europe,Search,7,13,Ні,7,10
10594,Business,Asia,Search,1,18,Так,3,5
10595,Business,Americas,Referral,0,15,Так,9,10
10596,Free,Americas,Ads,1,13,Так,3,5
10597,Pro,Asia,Ads,1,18,Так,4,5
10598,Pro,Americas,Referral,7,6,Так,6,7
10599,Pro,Europe,Search,6,11,Так,6,6
10600,Free,Americas,Ads,2,12,Так,7,6
10601,Free,Asia,Referral,16,7,Ні,6,8
10602,Pro,Asia,Referral,1,7,Так,7,8
10603,Business,Asia,Search,1,17,Так,6,7
10604,Business,Europe,Referral,1,24,Так,5,7
10605,Business,Asia,Social,1,21,Ні,9,9
10606,Pro,Americas,Ads,0,14,Ні,7,7
10607,Business,Americas,Referral,1,26,Так,6,7
10608,Free,Americas,Search,1,12,Так,5,6
10609,Pro,Americas,Search,2,17,Так,7,7
10610,Pro,Europe,Social,0,22,Ні,4,5
10611,Free,Europe,Search,1,3,Ні,6,7
10612,Free,Americas,Search,0,7,Ні,7,7
10613,Pro,Europe,Search,2,17,Ні,8,9
10614,Free,Asia,Search,4,6,Ні,7,5
10615,Free,Asia,Search,2,6,Так,8,7
10616,Free,Asia,Search,0,1,Ні,9,10
10617,Free,Americas,Social,10,2,Ні,6,6
10618,Free,Asia,Social,4,1,Ні,7,8
10619,Free,Americas,Social,6,13,Ні,8,7
10620,Free,Asia,Search,2,5,Так,6,5
10621,Pro,Europe,Ads,0,1,Так,6,8
10622,Free,Americas,Referral,0,3,Ні,8,8
10623,Pro,Asia,Search,2,24,Ні,6,6
10624,Free,Americas,Referral,1,13,Так,5,5
10625,Free,Americas,Ads,3,17,Ні,10,9
10626,Business,Asia,Search,0,16,Ні,5,6
10627,Free,Europe,Referral,2,13,Ні,7,7
10628,Free,Asia,Ads,0,7,Ні,6,6
10629,Free,Americas,Search,0,7,Так,8,8
10630,Free,Americas,Search,3,14,Ні,6,5
10631,Business,Asia,Search,2,18,Ні,5,5
10632,Business,Asia,Social,0,25,Ні,9,10
10633,Free,Americas,Social,3,5,Ні,10,10
10634,Free,Americas,Social,0,7,Так,7,5
10635,Pro,Asia,Referral,3,17,Так,6,7
10636,Pro,Americas,Referral,1,15,Ні,8,6
10637,Free,Asia,Ads,4,4,Ні,5,7
10638,Free,Europe,Social,0,4,Ні,9,10
10639,Pro,Americas,Social,2,9,Так,8,10
10640,Free,Asia,Search,0,9,Ні,4,4
10641,Free,Americas,Referral,0,3,Ні,6,5
10642,Free,Asia,Search,2,9,Ні,4,5
10643,Free,Asia,Ads,0,6,Так,7,8
10644,Pro,Asia,Ads,16,5,Ні,9,10
10645,Free,Europe,Referral,2,12,Ні,5,3
10646,Business,Europe,Referral,6,24,Так,7,10
10647,Free,Americas,Social,2,10,Ні,9,10
10648,Free,Asia,Referral,1,5,Так,6,5
10649,Free,Asia,Ads,2,8,Ні,7,5
10650,Free,Asia,Ads,2,12,Ні,7,7
10651,Free,Americas,Search,1,1,Так,6,5
10652,Free,Asia,Referral,0,6,Ні,10,10
10653,Free,Europe,Referral,2,9,Ні,8,9
10654,Pro,Asia,Search,3,8,Так,6,5
10655,Pro,Americas,Search,1,20,Так,7,5
10656,Free,Europe,Referral,0,10,Ні,8,9
10657,Pro,Europe,Search,0,27,Так,8,9
10658,Pro,Americas,Referral,2,1,Ні,10,9
10659,Free,Asia,Social,0,9,Так,8,7
10660,Pro,Europe,Ads,5,17,Ні,6,6
10661,Pro,Americas,Search,1,1,Ні,8,8
10662,Free,Asia,Referral,1,11,Ні,8,9
10663,Free,Europe,Referral,3,24,Ні,8,8
10664,Free,Asia,Ads,1,15,Ні,5,3
10665,Free,Asia,Referral,2,5,Ні,6,7
10666,Pro,Americas,Search,0,11,Ні,8,5
10667,Pro,Americas,Search,1,12,Так,6,5
10668,Free,Europe,Referral,1,9,Ні,7,6
10669,Free,Europe,Social,2,10,Ні,7,7
10670,Free,Americas,Referral,5,10,Ні,9,7
10671,Free,Europe,Referral,3,3,Ні,5,4
10672,Business,Europe,Search,2,17,Ні,6,6
10673,Free,Europe,Referral,0,1,Ні,4,4
10674,Pro,Americas,Search,2,10,Так,8,7
10675,Free,Americas,Ads,0,6,Ні,5,2
10676,Free,Americas,Ads,0,3,Ні,9,9
10677,Pro,Europe,Social,6,15,Так,9,10
10678,Free,Americas,Search,3,3,Так,8,9
10679,Business,Europe,Ads,1,22,Ні,10,10
10680,Free,Europe,Search,3,1,Так,8,9
10681,Free,Europe,Referral,3,13,Ні,6,4
10682,Pro,Americas,Ads,3,18,Так,10,10
10683,Pro,Americas,Referral,0,5,Так,6,7
10684,Business,Americas,Social,0,19,Так,9,10
10685,Free,Americas,Search,7,5,Ні,8,9
10686,Pro,Asia,Ads,16,8,Ні,6,5
10687,Pro,Americas,Referral,0,10,Так,7,7
10688,Business,Europe,Referral,2,22,Так,8,7
10689,Pro,Americas,Search,1,12,Ні,5,7
10690,Pro,Asia,Referral,1,10,Так,9,9
10691,Business,Europe,Ads,4,22,Ні,4,2
10692,Pro,Americas,Search,0,21,Ні,6,9
10693,Business,Asia,Referral,4,38,Ні,10,10
10694,Free,Americas,Ads,2,8,Ні,10,10
10695,Pro,Asia,Search,2,15,Ні,7,8
10696,Pro,Americas,Search,1,18,Так,10,10
10697,Free,Americas,Search,3,9,Ні,5,6
10698,Free,Americas,Search,3,7,Ні,9,10
10699,Pro,Europe,Search,4,12,Так,8,10
10700,Pro,Asia,Search,1,14,Ні,9,9
10701,Pro,Europe,Search,1,8,Так,9,10
10702,Pro,Europe,Referral,0,10,Ні,9,10
10703,Business,Asia,Search,1,16,Ні,4,5
10704,Pro,Americas,Search,0,15,Ні,7,7
10705,Free,Asia,Ads,4,3,Так,4,5
10706,Free,Europe,Search,4,8,Так,8,7
10707,Pro,Americas,Ads,1,7,Так,5,6
10708,Business,Asia,Search,2,19,Так,8,8
10709,Pro,Asia,Search,2,11,Ні,8,8
10710,Free,Americas,Referral,0,1,Ні,5,5
10711,Free,Asia,Search,6,1,Ні,10,10
10712,Free,Asia,Search,1,12,Ні,5,5
10713,Free,Americas,Social,3,10,Ні,8,8
10714,Pro,Americas,Referral,6,22,Ні,4,5
10715,Free,Americas,Referral,0,1,Так,9,10
10716,Pro,Asia,Ads,1,11,Так,7,5
10717,Free,Asia,Search,0,11,Ні,6,3
10718,Pro,Asia,Social,0,22,Так,6,10
10719,Pro,Europe,Search,0,21,Ні,9,10
10720,Free,Americas,Social,2,11,Ні,6,5
10721,Free,Asia,Search,2,14,Ні,7,6
10722,Free,Europe,Ads,1,12,Ні,10,10
10723,Business,Europe,Referral,2,14,Так,6,7
10724,Pro,Europe,Search,2,10,Так,6,4
10725,Free,Asia,Ads,3,1,Ні,8,8
10726,Free,Europe,Social,0,6,Ні,6,7
10727,Pro,Americas,Search,1,8,Ні,8,10
10728,Pro,Americas,Search,2,14,Так,4,6
10729,Free,Europe,Search,6,5,Ні,3,5
10730,Free,Europe,Referral,1,8,Ні,6,9
10731,Free,Asia,Referral,1,2,Так,6,7
10732,Free,Americas,Referral,2,11,Так,9,9
10733,Free,Americas,Search,3,5,Ні,6,5
10734,Business,Europe,Referral,1,25,Так,7,6
10735,Business,Americas,Ads,4,15,Так,10,10
10736,Pro,Europe,Ads,1,18,Так,7,8
10737,Free,Americas,Search,1,3,Ні,9,7
10738,Pro,Europe,Ads,4,17,Ні,10,10
10739,Free,Europe,Ads,0,1,Ні,6,5
10740,Business,Americas,Search,1,29,Так,7,6
10741,Free,Asia,Search,0,8,Ні,7,9
10742,Free,Americas,Ads,3,9,Ні,8,10
10743,Free,Asia,Referral,3,8,Ні,5,6
10744,Free,Americas,Search,2,6,Ні,6,4
10745,Pro,Asia,Social,0,9,Ні,6,7
10746,Free,Asia,Ads,1,8,Ні,7,8
10747,Free,Europe,Ads,1,11,Ні,4,5
10748,Business,Asia,Search,5,22,Так,8,9
10749,Pro,Europe,Ads,5,13,Так,6,7
10750,Free,Asia,Search,1,9,Ні,10,10
10751,Free,Americas,Search,2,8,Ні,5,4
10752,Pro,Europe,Search,1,14,Ні,8,8
10753,Pro,Europe,Search,1,14,Так,5,5
10754,Free,Asia,Ads,4,6,Так,7,8
10755,Pro,Americas,Search,1,12,Так,8,6
10756,Pro,Europe,Referral,1,15,Так,3,3
10757,Free,Americas,Search,2,5,Ні,7,5
10758,Free,Europe,Search,1,6,Ні,7,8
10759,Pro,Americas,Social,3,12,Так,5,6
10760,Pro,Europe,Social,1,19,Ні,10,9
10761,Pro,Americas,Ads,0,15,Ні,4,6
10762,Pro,Europe,Search,0,15,Ні,7,8
10763,Business,Asia,Search,1,2,Ні,7,7
10764,Pro,Europe,Search,3,17,Так,3,2
10765,Pro,Europe,Social,1,18,Так,5,6
10766,Free,Europe,Search,1,8,Ні,5,4
10767,Pro,Americas,Referral,0,13,Ні,4,7
10768,Free,Europe,Ads,0,1,Так,10,10
10769,Pro,Asia,Referral,8,12,Ні,10,10
10770,Free,Asia,Search,1,3,Ні,7,7
10771,Free,Americas,Social,0,9,Ні,7,8
10772,Free,Americas,Referral,7,11,Ні,5,7
10773,Free,Asia,Referral,3,15,Ні,6,8
10774,Business,Americas,Ads,1,9,Ні,5,5
10775,Pro,Europe,Search,1,14,Ні,8,7
10776,Free,Asia,Search,1,7,Ні,3,3
10777,Pro,Americas,Ads,0,9,Так,5,5
10778,Pro,Asia,Referral,2,21,Так,7,4
10779,Pro,Asia,Social,1,17,Так,9,10
10780,Pro,Americas,Search,0,10,Ні,6,5
10781,Business,Asia,Search,3,34,Так,10,10
10782,Pro,Asia,Referral,2,18,Так,5,5
10783,Free,Europe,Search,5,9,Ні,5,5
10784,Pro,Asia,Ads,0,8,Так,6,6
10785,Free,Europe,Ads,0,12,Так,6,5
10786,Pro,Europe,Ads,2,15,Так,9,10
10787,Free,Americas,Social,2,6,Ні,4,6
10788,Pro,Asia,Search,1,22,Так,6,9
10789,Free,Americas,Ads,5,14,Ні,10,10
10790,Business,Asia,Search,1,22,Так,4,4
10791,Free,Americas,Ads,1,8,Ні,6,9
10792,Pro,Americas,Search,0,11,Так,7,9
10793,Free,Europe,Search,8,10,Ні,8,7
10794,Pro,Europe,Ads,1,8,Так,6,8
10795,Pro,Europe,Search,0,26,Так,10,10
10796,Pro,Asia,Referral,1,19,Ні,4,3
10797,Pro,Americas,Search,0,12,Ні,6,6
10798,Pro,Asia,Referral,7,18,Ні,1,0
10799,Business,Asia,Referral,0,21,Ні,5,4
10800,Business,Europe,Social,0,16,Так,7,7
10801,Pro,Asia,Ads,0,12,Ні,6,5
10802,Pro,Americas,Ads,0,9,Так,3,2
10803,Pro,Americas,Ads,0,7,Так,4,3
10804,Free,Americas,Referral,0,7,Ні,8,8
10805,Free,Europe,Social,0,15,Так,6,6
10806,Pro,Europe,Ads,5,23,Так,10,10
10807,Pro,Asia,Ads,3,13,Так,9,10
10808,Pro,Asia,Search,0,13,Ні,8,9
10809,Free,Asia,Search,4,4,Так,8,8
10810,Free,Americas,Social,0,1,Ні,7,9
10811,Pro,Americas,Referral,1,17,Так,6,8
10812,Business,Americas,Social,0,13,Так,8,9
10813,Pro,Americas,Social,0,20,Так,5,6
10814,Free,Americas,Ads,0,10,Ні,5,6
10815,Pro,Asia,Ads,1,6,Ні,7,8
10816,Free,Americas,Ads,6,12,Ні,7,6
10817,Pro,Americas,Social,0,8,Так,6,6
10818,Free,Europe,Social,5,7,Так,8,5
10819,Pro,Americas,Ads,1,10,Так,9,10
10820,Free,Americas,Ads,0,4,Ні,8,9
10821,Pro,Asia,Search,4,15,Так,9,10
10822,Business,Americas,Search,5,17,Так,9,7
10823,Free,Americas,Search,1,14,Ні,7,7
10824,Business,Asia,Referral,0,31,Так,6,7
10825,Pro,Europe,Search,2,9,Так,5,6
10826,Free,Americas,Search,6,5,Ні,7,10
10827,Business,Americas,Referral,1,17,Ні,8,9
10828,Free,Americas,Search,1,6,Так,4,4
10829,Business,Americas,Search,3,15,Ні,7,7
10830,Free,Europe,Ads,1,6,Ні,10,6
10831,Free,Asia,Referral,1,9,Ні,8,8
10832,Free,Asia,Referral,4,9,Так,2,1
10833,Free,Americas,Ads,4,2,Ні,9,9
10834,Free,Asia,Search,0,8,Так,9,7
10835,Pro,Europe,Referral,2,12,Так,8,8
10836,Free,Europe,Search,3,21,Ні,5,6
10837,Pro,Asia,Search,2,24,Так,7,6
10838,Free,Asia,Search,1,10,Ні,4,5
10839,Business,Americas,Referral,1,19,Так,7,5
10840,Free,Asia,Referral,0,7,Ні,9,10
10841,Free,Americas,Ads,2,6,Ні,6,5
10842,Free,Asia,Search,7,3,Так,6,6
10843,Free,Americas,Search,4,7,Ні,7,9
10844,Business,Americas,Search,1,21,Ні,10,10
10845,Business,Europe,Referral,5,26,Ні,7,7
10846,Pro,Americas,Search,6,17,Так,5,6
10847,Business,Asia,Social,5,17,Так,9,10
10848,Free,Asia,Ads,2,15,Так,8,6
10849,Free,Asia,Social,6,5,Ні,10,8
10850,Free,Americas,Referral,7,3,Ні,9,10
10851,Pro,Europe,Search,0,17,Ні,7,6
10852,Pro,Europe,Social,6,12,Ні,7,7
10853,Free,Americas,Search,1,17,Так,6,6
10854,Free,Asia,Ads,0,7,Так,8,7
10855,Business,Asia,Referral,3,19,Так,10,10
10856,Free,Asia,Ads,0,14,Ні,9,10
10857,Pro,Americas,Ads,0,15,Ні,6,5
10858,Pro,Asia,Ads,4,9,Ні,7,6
10859,Pro,Americas,Ads,2,13,Ні,6,5
10860,Free,Americas,Search,7,5,Ні,8,10
10861,Free,Europe,Ads,0,6,Так,6,8
10862,Pro,Asia,Referral,0,9,Ні,3,9
10863,Pro,Asia,Referral,2,13,Так,9,9
10864,Free,Europe,Referral,2,7,Ні,7,7
10865,Pro,Asia,Search,3,18,Ні,6,5
10866,Pro,Americas,Ads,1,5,Ні,9,10
10867,Free,Americas,Search,0,8,Ні,8,9
10868,Pro,Americas,Referral,0,9,Ні,6,7
10869,Free,Europe,Search,0,12,Так,9,8
10870,Free,Europe,Search,3,11,Так,7,8
10871,Free,Americas,Referral,0,1,Ні,10,10
10872,Free,Americas,Social,1,18,Так,8,10
10873,Free,Americas,Ads,0,11,Ні,8,6
10874,Pro,Europe,Referral,2,11,Ні,5,5
10875,Free,Europe,Ads,14,13,Ні,8,9
10876,Business,Europe,Search,0,10,Так,7,7
10877,Free,Asia,Search,0,2,Ні,8,5
10878,Pro,Americas,Search,2,9,Ні,8,8
10879,Business,Asia,Ads,0,22,Так,8,9
10880,Pro,Asia,Search,1,12,Так,9,9
10881,Free,Asia,Social,0,1,Ні,7,10
10882,Pro,Asia,Referral,0,9,Так,6,6
10883,Business,Asia,Search,0,18,Так,7,8
10884,Free,Americas,Ads,1,10,Ні,7,5
10885,Business,Asia,Ads,2,25,Так,9,10
10886,Free,Europe,Referral,0,5,Так,4,4
10887,Business,Europe,Search,1,19,Ні,5,4
10888,Free,Asia,Social,2,11,Ні,5,8
10889,Pro,Americas,Ads,6,12,Ні,5,7
10890,Free,Americas,Social,0,9,Ні,10,10
10891,Pro,Europe,Referral,4,11,Так,5,4
10892,Free,Europe,Ads,1,5,Ні,9,10
10893,Free,Europe,Referral,4,1,Так,3,4
10894,Free,Americas,Referral,2,18,Ні,6,10
10895,Free,Asia,Referral,0,11,Так,10,10
10896,Free,Americas,Referral,3,10,Ні,8,6
10897,Free,Americas,Search,4,8,Так,6,6
10898,Pro,Europe,Ads,1,6,Ні,3,3
10899,Free,Americas,Search,2,8,Ні,5,6
10900,Pro,Asia,Ads,2,14,Так,8,9
10901,Free,Americas,Search,4,3,Ні,8,8
10902,Free,Americas,Referral,2,7,Ні,4,7
10903,Business,Asia,Search,1,22,Так,6,8
10904,Business,Asia,Search,1,18,Ні,7,7
10905,Business,Americas,Search,4,20,Ні,6,9
10906,Free,Americas,Search,2,13,Так,7,9
10907,Pro,Europe,Social,1,10,Так,8,10
10908,Free,Asia,Search,3,12,Ні,8,7
10909,Pro,Asia,Referral,0,10,Так,8,7
10910,Pro,Americas,Ads,0,15,Так,6,6
10911,Pro,Asia,Search,1,6,Так,8,8
10912,Business,Europe,Social,3,23,Так,10,10
10913,Business,Europe,Referral,0,15,Так,3,2
10914,Pro,Americas,Referral,0,1,Так,8,7
10915,Business,Asia,Search,13,15,Ні,7,8
10916,Pro,Asia,Referral,3,11,Ні,4,6
10917,Pro,Asia,Search,1,16,Ні,7,9
10918,Pro,Europe,Ads,8,7,Так,8,8
10919,Pro,Europe,Ads,0,6,Ні,5,6
10920,Pro,Europe,Ads,0,20,Ні,9,10
10921,Pro,Americas,Search,0,11,Так,9,8
10922,Pro,Asia,Referral,2,10,Ні,10,9
10923,Free,Europe,Search,1,21,Так,7,6
10924,Free,Americas,Ads,2,9,Ні,5,4
10925,Business,Asia,Referral,3,19,Так,7,5
10926,Pro,Asia,Search,0,12,Так,5,4
10927,Free,Asia,Referral,0,8,Ні,6,7
10928,Pro,Asia,Social,2,13,Ні,6,7
10929,Business,Americas,Social,6,13,Так,9,8
10930,Business,Europe,Referral,1,22,Так,5,5
10931,Free,Asia,Ads,0,3,Ні,6,8
10932,Free,Americas,Social,0,9,Так,6,5
10933,Pro,Asia,Social,0,20,Так,6,8
10934,Pro,Americas,Referral,6,17,Ні,3,3
10935,Pro,Asia,Search,7,9,Так,7,5
10936,Pro,Americas,Ads,2,18,Ні,6,6
10937,Free,Asia,Ads,0,3,Так,9,8
10938,Free,Europe,Search,3,5,Ні,7,9
10939,Free,Asia,Referral,1,10,Ні,8,10
10940,Pro,Europe,Referral,4,19,Ні,10,10
10941,Free,Asia,Search,1,1,Ні,3,2
10942,Free,Europe,Referral,0,5,Ні,9,9
10943,Free,Asia,Ads,0,8,Так,5,6
10944,Business,Americas,Referral,0,15,Ні,10,10
10945,Business,Europe,Search,5,27,Так,9,10
10946,Free,Asia,Search,4,14,Так,6,7
10947,Pro,Europe,Referral,2,6,Так,8,10
10948,Business,Americas,Social,0,19,Ні,4,6
10949,Free,Europe,Search,1,2,Так,7,6
10950,Free,Americas,Referral,0,4,Ні,4,5
10951,Free,Americas,Referral,3,3,Ні,5,4
10952,Business,Europe,Referral,5,27,Так,7,6
10953,Pro,Asia,Ads,1,17,Так,7,6
10954,Free,Asia,Referral,8,7,Ні,6,5
10955,Free,Europe,Search,0,10,Ні,10,10
10956,Pro,Americas,Ads,0,9,Так,6,8
10957,Business,Americas,Ads,0,10,Так,8,9
10958,Free,Asia,Referral,0,8,Ні,10,10
10959,Business,Europe,Social,0,12,Так,7,9
10960,Free,Americas,Referral,0,8,Ні,5,6
10961,Free,Asia,Referral,0,13,Ні,4,4
10962,Pro,Americas,Social,5,11,Ні,6,4
10963,Pro,Europe,Social,3,14,Так,5,6
10964,Free,Asia,Social,3,8,Ні,10,9
10965,Free,Americas,Ads,2,8,Так,10,10
10966,Free,Americas,Ads,0,6,Ні,7,8
10967,Free,Asia,Search,5,3,Ні,9,10
10968,Free,Americas,Referral,5,12,Ні,8,10
10969,Free,Europe,Ads,0,1,Так,6,8
10970,Free,Americas,Social,2,1,Так,7,7
10971,Pro,Asia,Referral,0,10,Ні,7,7
10972,Free,Asia,Ads,0,6,Так,10,10
10973,Free,Americas,Ads,5,9,Ні,6,7
10974,Free,Europe,Ads,2,10,Ні,7,8
10975,Business,Asia,Referral,0,9,Ні,7,7
10976,Free,Asia,Referral,4,3,Ні,8,7
10977,Free,Asia,Search,0,15,Ні,10,10
10978,Free,Americas,Search,4,15,Ні,9,10
10979,Free,Americas,Search,0,14,Так,6,6
10980,Free,Asia,Ads,0,14,Ні,7,7
10981,Pro,Europe,Ads,0,16,Так,10,10
10982,Business,Americas,Search,8,24,Ні,4,7
10983,Free,Europe,Search,4,2,Ні,6,7
10984,Free,Asia,Ads,1,2,Ні,7,7
10985,Business,Europe,Search,0,14,Так,6,6
10986,Pro,Americas,Social,2,8,Ні,7,8
10987,Pro,Americas,Social,9,16,Ні,9,9
10988,Free,Americas,Social,3,2,Ні,8,8
10989,Free,Europe,Ads,0,5,Ні,8,8
10990,Free,Americas,Ads,1,13,Так,9,7
10991,Pro,Asia,Ads,0,21,Ні,7,7
10992,Free,Asia,Ads,0,10,Ні,8,6
10993,Free,Europe,Search,5,8,Так,4,5
10994,Pro,Asia,Search,3,11,Так,7,5
10995,Free,Europe,Ads,1,13,Ні,6,4
10996,Free,Americas,Referral,1,12,Ні,10,10
10997,Business,Asia,Ads,0,14,Так,9,9
10998,Pro,Europe,Referral,1,19,Ні,8,10
10999,Pro,Asia,Ads,0,14,Так,10,9
11000,Free,Europe,Search,1,12,Ні,7,8
11001,Free,Americas,Search,1,7,Так,10,10
11002,Business,Asia,Search,0,24,Ні,7,9
11003,Free,Americas,Ads,1,12,Так,6,7
11004,Free,Asia,Referral,0,7,Ні,8,7
11005,Free,Americas,Search,0,2,Ні,5,4
11006,Pro,Europe,Search,0,12,Ні,5,6
11007,Free,Europe,Ads,0,10,Ні,8,9
11008,Business,Asia,Search,5,14,Так,10,10
11009,Free,Asia,Ads,0,10,Ні,4,5
11010,Pro,Asia,Referral,0,16,Так,7,8
11011,Business,Asia,Search,6,17,Так,10,10
11012,Pro,Asia,Referral,3,12,Так,9,10
11013,Free,Americas,Referral,0,5,Так,10,10
11014,Free,Americas,Social,3,2,Ні,3,2
11015,Pro,Europe,Referral,1,8,Ні,7,5
11016,Free,Asia,Social,1,11,Ні,6,7
11017,Pro,Americas,Search,2,10,Ні,6,8
11018,Pro,Europe,Search,0,12,Так,8,9
11019,Free,Europe,Search,1,14,Ні,8,8
11020,Free,Europe,Referral,1,8,Так,9,10
11021,Business,Americas,Ads,0,21,Ні,7,8
11022,Free,Europe,Search,12,7,Так,6,7
11023,Pro,Europe,Search,4,13,Ні,5,4
11024,Pro,Europe,Ads,1,7,Ні,8,8
11025,Free,Europe,Social,1,17,Так,6,6
11026,Free,Europe,Ads,0,11,Ні,7,10
11027,Pro,Europe,Referral,9,21,Ні,7,8
11028,Pro,Europe,Search,4,16,Так,8,10
11029,Pro,Asia,Ads,0,20,Ні,7,7
11030,Business,Europe,Ads,2,13,Ні,6,7
11031,Business,Asia,Search,0,18,Так,8,10
11032,Free,Americas,Ads,0,15,Ні,3,5
11033,Free,Europe,Referral,4,3,Ні,3,2
11034,Free,Europe,Referral,2,11,Ні,9,10
11035,Business,Europe,Ads,3,27,Так,5,6
11036,Business,Europe,Ads,0,18,Так,7,9
11037,Free,Asia,Search,0,3,Ні,6,6
11038,Pro,Asia,Search,1,4,Так,6,6
11039,Business,Europe,Ads,2,19,Так,4,5
11040,Free,Americas,Search,0,13,Так,8,9
11041,Free,Americas,Referral,0,24,Ні,10,10
11042,Free,Asia,Search,12,12,Ні,6,5
11043,Free,Europe,Search,0,5,Так,10,9
11044,Pro,Europe,Ads,0,18,Так,6,6
11045,Free,Americas,Search,0,2,Ні,7,8
11046,Business,Americas,Search,0,16,Так,6,7
11047,Business,Europe,Referral,4,8,Так,8,7
11048,Free,Europe,Social,6,12,Ні,5,5
11049,Free,Asia,Ads,0,14,Ні,6,7
11050,Business,Americas,Social,0,18,Ні,6,5
11051,Free,Americas,Search,1,2,Ні,7,9
11052,Free,Europe,Ads,1,10,Ні,4,5
11053,Free,Asia,Social,0,10,Ні,5,4
11054,Pro,Americas,Referral,2,17,Ні,6,3
11055,Pro,Europe,Social,3,16,Так,7,8
11056,Free,Americas,Ads,5,2,Ні,6,8
11057,Business,Asia,Referral,0,15,Так,5,6
11058,Business,Europe,Ads,1,10,Ні,7,7
11059,Pro,Europe,Social,1,12,Так,10,10
11060,Pro,Asia,Social,2,8,Так,5,3
11061,Business,Americas,Search,0,21,Ні,6,5
11062,Pro,Europe,Search,0,19,Ні,8,9
11063,Pro,Asia,Ads,5,14,Ні,10,10
11064,Pro,Asia,Search,1,1,Так,7,8
11065,Pro,Asia,Referral,6,11,Ні,7,9
11066,Business,Europe,Social,0,27,Так,10,10
11067,Business,Europe,Search,5,24,Ні,7,7
11068,Pro,Americas,Social,1,13,Ні,3,2
11069,Business,Americas,Referral,1,23,Так,9,10
11070,Free,Asia,Referral,2,5,Ні,8,8
11071,Free,Americas,Ads,0,4,Ні,6,6
11072,Pro,Asia,Referral,5,12,Ні,6,7
11073,Business,Asia,Social,2,13,Ні,7,6
11074,Pro,Americas,Ads,2,17,Ні,7,8
11075,Free,Asia,Ads,3,6,Ні,7,6
11076,Pro,Europe,Social,0,18,Ні,6,6
11077,Pro,Europe,Search,1,12,Ні,8,8
11078,Free,Americas,Ads,4,13,Ні,4,5
11079,Pro,Asia,Search,3,13,Так,9,9
11080,Business,Asia,Search,0,19,Так,5,3
11081,Free,Americas,Ads,1,8,Ні,5,6
11082,Pro,Europe,Search,0,14,Ні,5,6
11083,Pro,Americas,Search,1,18,Ні,7,6
11084,Business,Europe,Ads,2,26,Ні,8,10
11085,Pro,Asia,Referral,8,12,Так,8,8
11086,Business,Americas,Ads,1,20,Ні,7,9
11087,Free,Europe,Referral,0,2,Так,7,8
11088,Free,Europe,Social,4,11,Ні,6,5
11089,Free,Europe,Search,0,12,Ні,6,5
11090,Pro,Americas,Search,1,10,Так,6,9
11091,Free,Americas,Ads,1,1,Ні,10,10
11092,Free,Asia,Ads,3,5,Ні,10,10
11093,Business,Americas,Ads,1,16,Ні,2,0
11094,Business,Asia,Ads,1,10,Так,6,6
11095,Pro,Americas,Ads,0,8,Ні,6,9
11096,Pro,Asia,Ads,2,15,Так,8,7
11097,Free,Americas,Search,1,3,Так,8,9
11098,Free,Asia,Social,1,10,Ні,5,3
11099,Free,Americas,Ads,1,1,Ні,6,7
11100,Free,Asia,Search,0,14,Ні,10,10
11101,Free,Americas,Ads,1,8,Так,9,10
11102,Free,Americas,Referral,2,9,Ні,6,7
11103,Free,Americas,Social,0,9,Так,7,9
11104,Pro,Asia,Ads,1,10,Так,8,7
11105,Free,Americas,Ads,5,8,Ні,7,10
11106,Free,Americas,Search,4,1,Ні,10,10
11107,Pro,Europe,Search,2,10,Ні,9,10
11108,Business,Americas,Search,9,14,Ні,9,10
11109,Pro,Americas,Search,0,7,Так,7,9
11110,Free,Asia,Search,2,6,Ні,10,9
11111,Free,Americas,Search,1,13,Ні,7,4
11112,Free,Americas,Ads,1,10,Так,9,10
11113,Free,Americas,Ads,3,4,Ні,5,7
11114,Free,Asia,Referral,3,10,Так,10,10
11115,Free,Europe,Referral,0,16,Ні,8,8
11116,Business,Asia,Referral,1,26,Ні,8,8
11117,Pro,Europe,Search,5,13,Так,7,5
11118,Free,Europe,Search,7,7,Так,7,6
11119,Free,Europe,Ads,0,10,Ні,8,10
11120,Free,Americas,Search,3,6,Ні,5,5
11121,Pro,Asia,Ads,1,9,Так,7,8
11122,Free,Americas,Ads,3,7,Ні,7,10
11123,Pro,Asia,Search,0,19,Ні,5,4
11124,Free,Asia,Social,5,5,Ні,4,2
11125,Business,Americas,Ads,0,25,Так,5,4
11126,Pro,Europe,Search,5,3,Ні,10,10
11127,Pro,Americas,Social,9,18,Ні,6,7
11128,Free,Europe,Search,2,1,Ні,10,10
11129,Free,Asia,Search,7,9,Ні,4,3
11130,Free,Europe,Search,5,8,Ні,7,8
11131,Free,Americas,Search,0,4,Ні,7,6
11132,Free,Americas,Ads,1,5,Ні,4,5
11133,Free,Asia,Ads,0,7,Ні,5,4
11134,Pro,Americas,Social,0,9,Ні,6,8
11135,Pro,Americas,Social,2,16,Так,7,9
11136,Free,Europe,Search,1,4,Так,9,8
11137,Pro,Asia,Referral,6,17,Ні,8,10
11138,Business,Americas,Search,3,16,Ні,9,9
11139,Business,Asia,Search,1,16,Так,6,7
11140,Free,Americas,Search,5,6,Ні,9,6
11141,Pro,Asia,Search,1,18,Так,8,8
11142,Pro,Europe,Ads,2,14,Так,5,5
11143,Free,Americas,Search,8,12,Ні,6,6
11144,Free,Europe,Ads,0,11,Так,9,10
11145,Free,Asia,Referral,5,27,Ні,9,8
11146,Pro,Americas,Social,1,7,Ні,7,7
11147,Free,Americas,Search,2,12,Ні,10,10
11148,Business,Europe,Ads,0,21,Ні,6,5
11149,Pro,Americas,Search,5,19,Ні,10,9
11150,Pro,Americas,Search,0,19,Ні,6,7
11151,Pro,Europe,Referral,3,12,Ні,6,7
11152,Free,Asia,Referral,3,10,Ні,6,5
11153,Pro,Americas,Social,0,12,Так,6,7
11154,Pro,Europe,Ads,6,19,Так,10,9
11155,Free,Asia,Search,16,3,Ні,10,10
11156,Pro,Asia,Search,4,14,Ні,10,10
11157,Free,Asia,Search,3,3,Ні,6,7
11158,Pro,Europe,Search,4,8,Так,8,9
11159,Pro,Americas,Ads,0,5,Так,5,5
11160,Business,Asia,Ads,0,24,Так,9,8
11161,Free,Europe,Search,1,12,Так,6,8
11162,Free,Europe,Referral,0,6,Так,3,3
11163,Free,Americas,Ads,3,8,Ні,6,7
11164,Free,Europe,Ads,4,14,Ні,6,8
11165,Free,Americas,Social,8,13,Ні,3,6
11166,Free,Americas,Search,2,9,Ні,10,8
11167,Pro,Asia,Ads,5,13,Ні,10,9
11168,Free,Europe,Referral,4,13,Ні,10,10
11169,Free,Americas,Social,0,11,Ні,6,6
11170,Free,Americas,Referral,3,4,Ні,8,8
11171,Free,Americas,Search,1,9,Ні,5,6
11172,Free,Americas,Search,5,6,Ні,6,5
11173,Business,Europe,Referral,0,24,Так,6,6
11174,Pro,Americas,Search,1,18,Ні,7,9
11175,Free,Asia,Referral,0,5,Ні,8,10
11176,Pro,Asia,Referral,3,14,Ні,7,6
11177,Free,Americas,Ads,0,11,Ні,8,9
11178,Pro,Americas,Referral,4,18,Ні,5,3
11179,Business,Asia,Referral,1,16,Так,5,8
11180,Free,Europe,Social,0,1,Ні,7,5
11181,Free,Asia,Ads,3,3,Ні,10,9
11182,Pro,Europe,Referral,4,16,Ні,10,8
11183,Free,Europe,Ads,2,11,Ні,10,10
11184,Free,Americas,Search,2,9,Ні,10,10
11185,Free,Asia,Ads,2,7,Так,5,5
11186,Pro,Asia,Referral,0,15,Так,10,10
11187,Pro,Asia,Ads,1,9,Ні,7,6
11188,Free,Europe,Referral,2,7,Ні,7,8
11189,Pro,Americas,Referral,3,10,Ні,10,10
11190,Pro,Asia,Social,2,10,Ні,5,8
11191,Free,Americas,Ads,0,8,Ні,5,5
11192,Business,Europe,Search,17,23,Так,6,6
11193,Free,Asia,Social,1,10,Ні,7,8
11194,Free,Americas,Ads,3,5,Ні,6,6
11195,Pro,Asia,Referral,4,12,Так,7,8
11196,Free,Asia,Search,3,14,Ні,6,6
11197,Pro,Asia,Search,0,20,Так,6,7
11198,Free,Asia,Ads,0,11,Ні,5,1
11199,Pro,Americas,Ads,1,12,Ні,3,5
11200,Business,Europe,Ads,1,17,Так,5,4